suburb,expected_status,basis,far_edge
Altona Meadows,out_of_area,approved_on_map,
Broadmeadows,out_of_area,approved_on_map,
Bundoora,out_of_area,named_by_tom,
Coldstream,out_of_area,approved_on_map,
Craigieburn,out_of_area,approved_on_map,
Diamond Creek,out_of_area,approved_on_map,
Emerald,out_of_area,approved_on_map,
Epping,out_of_area,approved_on_map,
Flinders,out_of_area,approved_on_map,
Greensborough,out_of_area,named_by_tom,
Hastings,out_of_area,approved_on_map,
Laverton,out_of_area,approved_on_map,
Laverton North,out_of_area,approved_on_map,
Melton,out_of_area,approved_on_map,
Monbulk,out_of_area,approved_on_map,
Pearcedale,out_of_area,approved_on_map,
Point Cook,out_of_area,approved_on_map,
Red Hill,out_of_area,approved_on_map,
Silvan,out_of_area,approved_on_map,
Somerville,out_of_area,approved_on_map,
Sunbury,out_of_area,approved_on_map,
Tarneit,out_of_area,named_by_tom,
Truganina,out_of_area,approved_on_map,
Werribee,out_of_area,named_by_tom,
Yallambie,out_of_area,approved_on_map,
Airport West,pre_arranged,approved_on_map,
Avondale Heights,pre_arranged,approved_on_map,
Beaconsfield,pre_arranged,approved_on_map,
Blairgowrie,pre_arranged,approved_on_map,
Caroline Springs,pre_arranged,named_by_tom,
Clyde,pre_arranged,named_by_tom,
Clyde North,pre_arranged,approved_on_map,
Cranbourne,pre_arranged,approved_on_map,
Deer Park,pre_arranged,approved_on_map,
Derrimut,pre_arranged,approved_on_map,
Dromana,pre_arranged,approved_on_map,
Eltham,pre_arranged,named_by_tom,
Fawkner,pre_arranged,named_by_tom,
Glenroy,pre_arranged,named_by_tom,
Hadfield,pre_arranged,approved_on_map,
Hillside,pre_arranged,approved_on_map,
Keilor,pre_arranged,named_by_tom,
Keilor East,pre_arranged,approved_on_map,
Lower Plenty,pre_arranged,approved_on_map,
Montmorency,pre_arranged,approved_on_map,
Mount Martha,pre_arranged,approved_on_map,
North Warrandyte,pre_arranged,approved_on_map,
Officer,pre_arranged,named_by_tom,
Pakenham,pre_arranged,named_by_tom,
Park Orchards,pre_arranged,approved_on_map,
Portsea,pre_arranged,approved_on_map,
Rosebud,pre_arranged,approved_on_map,
Rye,pre_arranged,approved_on_map,
Safety Beach,pre_arranged,approved_on_map,
Sorrento,pre_arranged,named_by_tom,
St Albans,pre_arranged,approved_on_map,
Sunshine,pre_arranged,approved_on_map,
Sydenham,pre_arranged,approved_on_map,
Taylors Hill,pre_arranged,approved_on_map,
Taylors Lakes,pre_arranged,named_by_tom,
Thomastown,pre_arranged,named_by_tom,
Tullamarine,pre_arranged,named_by_tom,
Warrandyte,pre_arranged,named_by_tom,
Wonga Park,pre_arranged,named_by_tom,
Balwyn,zone_1,named_by_tom,
Balwyn North,zone_1,approved_on_map,
Beaumaris,zone_1,approved_on_map,
Bentleigh,zone_1,approved_on_map,
Blackburn,zone_1,approved_on_map,
Box Hill,zone_1,named_by_tom,
Brighton,zone_1,approved_on_map,
Burwood,zone_1,approved_on_map,
Camberwell,zone_1,approved_on_map,
Caulfield,zone_1,approved_on_map,
Cheltenham,zone_1,approved_on_map,
Clayton,zone_1,named_by_tom,
Dingley Village,zone_1,named_by_tom,
Docklands,zone_1,approved_on_map,
East Melbourne,zone_1,approved_on_map,
Glen Waverley,zone_1,named_by_tom,
Hawthorn,zone_1,approved_on_map,
Kew,zone_1,named_by_tom,
Kew East,zone_1,approved_on_map,
Malvern,zone_1,approved_on_map,
Melbourne,zone_1,named_by_tom,
Mentone,zone_1,named_by_tom,
Mitcham,zone_1,approved_on_map,
Mount Waverley,zone_1,approved_on_map,
Nunawading,zone_1,approved_on_map,
Oakleigh,zone_1,approved_on_map,
Parkdale,zone_1,named_by_tom,
Port Melbourne,zone_1,approved_on_map,
Richmond,zone_1,approved_on_map,
Sandringham,zone_1,approved_on_map,
Springvale,zone_1,named_by_tom,
Springvale South,zone_1,approved_on_map,
St Kilda,zone_1,approved_on_map,
Vermont,zone_1,named_by_tom,
Vermont South,zone_1,approved_on_map,
Abbotsford,zone_2,approved_on_map,
Aberfeldie,zone_2,approved_on_map,
Ascot Vale,zone_2,approved_on_map,
Brunswick,zone_2,approved_on_map,
Bulleen,zone_2,approved_on_map,
Carlton,zone_2,approved_on_map,
Coburg,zone_2,named_by_tom,
Collingwood,zone_2,approved_on_map,
Doncaster,zone_2,named_by_tom,
Doncaster East,zone_2,approved_on_map,
Donvale,zone_2,approved_on_map,
Essendon,zone_2,named_by_tom,
Fitzroy,zone_2,approved_on_map,
Flemington,zone_2,approved_on_map,
Heidelberg,zone_2,approved_on_map,
Ivanhoe,zone_2,approved_on_map,
Kensington,zone_2,approved_on_map,
Kingsbury,zone_2,approved_on_map,
Macleod,zone_2,approved_on_map,
Moonee Ponds,zone_2,named_by_tom,
Niddrie,zone_2,approved_on_map,
North Melbourne,zone_2,approved_on_map,
Northcote,zone_2,approved_on_map,
Oak Park,zone_2,approved_on_map,
Pascoe Vale,zone_2,named_by_tom,
Preston,zone_2,approved_on_map,
Reservoir,zone_2,named_by_tom,
Rosanna,zone_2,named_by_tom,
Strathmore,zone_2,approved_on_map,
Templestowe,zone_2,named_by_tom,
Thornbury,zone_2,approved_on_map,
Viewbank,zone_2,approved_on_map,
Bayswater,zone_3,approved_on_map,
Belgrave,zone_3,named_by_tom,proposed
Berwick,zone_3,named_by_tom,
Boronia,zone_3,approved_on_map,
Chirnside Park,zone_3,approved_on_map,proposed
Croydon,zone_3,named_by_tom,proposed
Croydon North,zone_3,approved_on_map,proposed
Dandenong,zone_3,named_by_tom,
Dandenong South,zone_3,named_by_tom,
Endeavour Hills,zone_3,approved_on_map,
Ferntree Gully,zone_3,approved_on_map,
Hallam,zone_3,approved_on_map,
Hampton Park,zone_3,approved_on_map,
Heathmont,zone_3,approved_on_map,
Kallista,zone_3,named_by_tom_as_dandenong_ranges,proposed
Kalorama,zone_3,named_by_tom_as_dandenong_ranges,proposed
Keysborough,zone_3,named_by_tom,
Kilsyth,zone_3,approved_on_map,proposed
Lilydale,zone_3,named_by_tom,proposed
Lysterfield,zone_3,approved_on_map,
Montrose,zone_3,approved_on_map,proposed
Mooroolbark,zone_3,named_by_tom,proposed
Mount Dandenong,zone_3,named_by_tom_as_dandenong_ranges,proposed
Mount Evelyn,zone_3,approved_on_map,proposed
Mulgrave,zone_3,approved_on_map,
Narre Warren,zone_3,named_by_tom,
Narre Warren North,zone_3,approved_on_map,
Narre Warren South,zone_3,approved_on_map,
Noble Park,zone_3,named_by_tom,
Olinda,zone_3,named_by_tom_as_dandenong_ranges,proposed
Ringwood,zone_3,named_by_tom,
Ringwood North,zone_3,approved_on_map,
Rowville,zone_3,approved_on_map,
Sassafras,zone_3,named_by_tom_as_dandenong_ranges,proposed
Scoresby,zone_3,named_by_tom,
Sherbrooke,zone_3,named_by_tom_as_dandenong_ranges,proposed
Tecoma,zone_3,named_by_tom_as_dandenong_ranges,proposed
Upwey,zone_3,named_by_tom_as_dandenong_ranges,proposed
Wantirna,zone_3,approved_on_map,
Warranwood,zone_3,approved_on_map,proposed
Wheelers Hill,zone_3,named_by_tom,
Aspendale,zone_4,approved_on_map,
Aspendale Gardens,zone_4,approved_on_map,
Baxter,zone_4,named_by_tom,proposed
Bonbeach,zone_4,approved_on_map,
Carrum,zone_4,approved_on_map,
Carrum Downs,zone_4,approved_on_map,
Chelsea,zone_4,approved_on_map,
Chelsea Heights,zone_4,approved_on_map,
Edithvale,zone_4,approved_on_map,
Frankston,zone_4,approved_on_map,
Frankston South,zone_4,approved_on_map,proposed
Langwarrin,zone_4,named_by_tom,proposed
Langwarrin South,zone_4,approved_on_map,proposed
Lynbrook,zone_4,named_by_tom,
Lyndhurst,zone_4,approved_on_map,
Mordialloc,zone_4,named_by_tom,
Mornington,zone_4,named_by_tom,proposed
Mount Eliza,zone_4,approved_on_map,proposed
Patterson Lakes,zone_4,approved_on_map,
Sandhurst,zone_4,approved_on_map,
Seaford,zone_4,approved_on_map,
Skye,zone_4,approved_on_map,
Altona,zone_5,named_by_tom,
Altona North,zone_5,approved_on_map,
Braybrook,zone_5,named_by_tom,
Brooklyn,zone_5,approved_on_map,
Footscray,zone_5,named_by_tom,
Kingsville,zone_5,approved_on_map,
Maidstone,zone_5,approved_on_map,
Maribyrnong,zone_5,named_by_tom,
Newport,zone_5,approved_on_map,
Seaholme,zone_5,approved_on_map,
Seddon,zone_5,approved_on_map,
Spotswood,zone_5,approved_on_map,
Tottenham,zone_5,approved_on_map,
West Footscray,zone_5,approved_on_map,
Williamstown,zone_5,named_by_tom,
Yarraville,zone_5,approved_on_map,
